https://www.hybrid-analysis.com/sample/e70b3a6527ba81199a34a9e3708366be4c2344fb5379478d442edcb60f4aa7d4,DNS requests 0, Contacted hosts 0, HTTP traffic 0, Memory forensics 0, Emerging threats 0, Rank = 0
https://www.hybrid-analysis.com/sample/dc6bd47995f9a42ff7e76a5e501070d164673bcb9c9ca8a7ae0a38c22a98b000,DNS requests 0, Contacted hosts 0, HTTP traffic 0, Memory forensics 3, Emerging threats 0, Rank = 3
https://www.hybrid-analysis.com/sample/d125cc601d7c1ab96fdee00401bac713ea2aee56697540aff78218e082324049,DNS requests 0, Contacted hosts 0, HTTP traffic 0, Memory forensics 0, Emerging threats 0, Rank = 0
https://www.hybrid-analysis.com/sample/444ba0b0f057b1710ba629244e8e3db691c83d7525ee9e347555898d411379e2,DNS requests 0, Contacted hosts 0, HTTP traffic 0, Memory forensics 0, Emerging threats 0, Rank = 0
https://www.hybrid-analysis.com/sample/082786f735738bf59e3b8f58cdc022c238828f495d3de6c56b12353db7af8c50,DNS requests 0, Contacted hosts 0, HTTP traffic 0, Memory forensics 0, Emerging threats 0, Rank = 0
https://www.hybrid-analysis.com/sample/375ba5457b0a8e0328f38e942dc16fa07e03e2b39571392c0f10f93031158d6f,DNS requests 1, Contacted hosts 0, HTTP traffic 0, Memory forensics 0, Emerging threats 0, Rank = 1
https://www.hybrid-analysis.com/sample/369f2a4d0deec1583ae23306b35c21aaa676df7ad8881f2866d3a5feccf5865e,DNS requests 1, Contacted hosts 19, HTTP traffic 8, Memory forensics 5, Emerging threats 4, Rank = 37
https://www.hybrid-analysis.com/sample/444ba0b0f057b1710ba629244e8e3db691c83d7525ee9e347555898d411379e2,DNS requests 0, Contacted hosts 0, HTTP traffic 0, Memory forensics 0, Emerging threats 0, Rank = 0
https://www.hybrid-analysis.com/sample/082786f735738bf59e3b8f58cdc022c238828f495d3de6c56b12353db7af8c50,DNS requests 0, Contacted hosts 0, HTTP traffic 0, Memory forensics 0, Emerging threats 0, Rank = 0
https://www.hybrid-analysis.com/sample/375ba5457b0a8e0328f38e942dc16fa07e03e2b39571392c0f10f93031158d6f,DNS requests 1, Contacted hosts 0, HTTP traffic 0, Memory forensics 0, Emerging threats 0, Rank = 1
https://www.hybrid-analysis.com/sample/369f2a4d0deec1583ae23306b35c21aaa676df7ad8881f2866d3a5feccf5865e,DNS requests 1, Contacted hosts 19, HTTP traffic 8, Memory forensics 5, Emerging threats 4, Rank = 37
https://www.hybrid-analysis.com/sample/18921c675805587354644c8d546bcdb89086efd7687dead6c33053abdfbe8957,DNS requests 0, Contacted hosts 392, HTTP traffic 36, Memory forensics 0, Emerging threats 9, Rank = 437
https://www.hybrid-analysis.com/sample/08e1d35d82fe85e766e8952ab4873fce388247f1309f034088a01e1baf6e6618,DNS requests 0, Contacted hosts 0, HTTP traffic 0, Memory forensics 0, Emerging threats 0, Rank = 0
https://www.hybrid-analysis.com/sample/c3fb54d87b8ff8b5b315be7c1f369accb55e7066efaae03e02cf007f3bd16eb2,DNS requests 0, Contacted hosts 0, HTTP traffic 0, Memory forensics 0, Emerging threats 0, Rank = 0
https://www.hybrid-analysis.com/sample/53ec3c9b9aabc4074e91ed3e145ceb8d660007551503891c9828a77d2b9cf92e,DNS requests 0, Contacted hosts 0, HTTP traffic 0, Memory forensics 0, Emerging threats 0, Rank = 0
https://www.hybrid-analysis.com/sample/59882875580b1c62f63272d74453db4ea39d543f71dd8a571ad90623f70894c9,DNS requests 0, Contacted hosts 0, HTTP traffic 0, Memory forensics 2, Emerging threats 0, Rank = 2
https://www.hybrid-analysis.com/sample/dc386344b1482c4a618274159827f936b53bb4bd1e474b9064cad54e834fdfd4,DNS requests 0, Contacted hosts 0, HTTP traffic 0, Memory forensics 0, Emerging threats 0, Rank = 0
https://www.hybrid-analysis.com/sample/2549e3eba6ecc4ee812e3962ea25c361ed53a1ddce75ae165b7dafd78605c458,DNS requests 0, Contacted hosts 0, HTTP traffic 0, Memory forensics 2, Emerging threats 0, Rank = 2
https://www.hybrid-analysis.com/sample/4a610eff3f2a0817d7cc377eca35fdc59b7049cd4396f5e8d51fd114b3623292,DNS requests 0, Contacted hosts 0, HTTP traffic 0, Memory forensics 2, Emerging threats 0, Rank = 2
https://www.hybrid-analysis.com/sample/88aeb2962b57fac22f52e5d624cd17c52ecfe2858eab7aee115fd798b816f687,DNS requests 0, Contacted hosts 6, HTTP traffic 0, Memory forensics 1, Emerging threats 0, Rank = 7
https://www.hybrid-analysis.com/sample/0a33ee5ba481297dd2718330525361ab50b3f1b575498f8e0ffacb1f00dd60f3,DNS requests 0, Contacted hosts 0, HTTP traffic 0, Memory forensics 0, Emerging threats 0, Rank = 0
https://www.hybrid-analysis.com/sample/8fdcaf136adf842bf34f19ad8add173b0e0eac31ab762675c5f584a3325c040d,DNS requests 0, Contacted hosts 0, HTTP traffic 0, Memory forensics 0, Emerging threats 0, Rank = 0
https://www.hybrid-analysis.com/sample/d92101a0f37358feb7bb8725b35e1e1dcc89a76f5b837bfe71b267d4500ac978,DNS requests 0, Contacted hosts 0, HTTP traffic 0, Memory forensics 0, Emerging threats 0, Rank = 0
https://www.hybrid-analysis.com/sample/d558f285d9c8cc91975c8badcf7a527598a9ffe6aa6fcb8ac3f473b19f37f786,DNS requests 1, Contacted hosts 57, HTTP traffic 1063, Memory forensics 0, Emerging threats 0, Rank = 1121
https://www.hybrid-analysis.com/sample/53bbc105ca1ff12e7b57e6d1283bb56af1acc54238ba8d07d9c1e3438ba8fe12,DNS requests 0, Contacted hosts 0, HTTP traffic 0, Memory forensics 2, Emerging threats 0, Rank = 2
https://www.hybrid-analysis.com/sample/68b28f9a43ca0b9e4bbb767cd1c8791098c5f3d6a8be6abc362245e79858c4a8,DNS requests 0, Contacted hosts 0, HTTP traffic 0, Memory forensics 0, Emerging threats 0, Rank = 0
https://www.hybrid-analysis.com/sample/024b673387d4fdf00a419dc8d6321dd92f8537db997de5a21170f5de7a6e5879,DNS requests 0, Contacted hosts 1111, HTTP traffic 0, Memory forensics 0, Emerging threats 0, Rank = 1111
https://www.hybrid-analysis.com/sample/68b28f9a43ca0b9e4bbb767cd1c8791098c5f3d6a8be6abc362245e79858c4a8,DNS requests 0, Contacted hosts 0, HTTP traffic 0, Memory forensics 0, Emerging threats 0, Rank = 0
https://www.hybrid-analysis.com/sample/8d0a3d28f240a52ec58d21cf06a5849477487f72c13245c6cd9ac21a01b42531,DNS requests 0, Contacted hosts 0, HTTP traffic 0, Memory forensics 0, Emerging threats 0, Rank = 0
https://www.hybrid-analysis.com/sample/465064e5749b586134e1ffe943cef619f05b92b106ef5593bbe910ccb41a697a,DNS requests 0, Contacted hosts 0, HTTP traffic 0, Memory forensics 1, Emerging threats 0, Rank = 1
https://www.hybrid-analysis.com/sample/11f38bf88b5039baa698740a56f4e96279d8565298d17a1e2bdcadae111daa20,DNS requests 1, Contacted hosts 2, HTTP traffic 4, Memory forensics 0, Emerging threats 2, Rank = 9
https://www.hybrid-analysis.com/sample/d735049f5b997e54d1c7f57115550270572bb587dd6979a74b71a86e4c28f096,DNS requests 1, Contacted hosts 19, HTTP traffic 48, Memory forensics 0, Emerging threats 20, Rank = 88
https://www.hybrid-analysis.com/sample/4872fff46dbfe2f07d5cee369c3a963ea2b6751e9f910279032a531cf5c79238,DNS requests 0, Contacted hosts 0, HTTP traffic 0, Memory forensics 0, Emerging threats 0, Rank = 0
https://www.hybrid-analysis.com/sample/f6df74563234744f249a8a2f3bc271ef6a19874724f52846ab82dba1de8b4b97,DNS requests 1, Contacted hosts 6, HTTP traffic 56, Memory forensics 0, Emerging threats 19, Rank = 82
https://www.hybrid-analysis.com/sample/c3637d2342583c797b05c3109d45220a917b3a8f2187bc6222326618bd4ce113,DNS requests 0, Contacted hosts 0, HTTP traffic 0, Memory forensics 0, Emerging threats 0, Rank = 0
https://www.hybrid-analysis.com/sample/73c7cc4e182fd3ae539d1ce85b5695ffd67326d40aed3806b7ee6578e075998c,DNS requests 0, Contacted hosts 24, HTTP traffic 0, Memory forensics 0, Emerging threats 20, Rank = 44
https://www.hybrid-analysis.com/sample/6228a944d0f8f91b98f9d42affca00e7275b06cc2f98889841eac9344e1692bf,DNS requests 0, Contacted hosts 0, HTTP traffic 0, Memory forensics 0, Emerging threats 0, Rank = 0
https://www.hybrid-analysis.com/sample/d6b1c6d9575ec167c986fa3697f75090199e02bf0e258724d973a12acdeef2c6,DNS requests 0, Contacted hosts 0, HTTP traffic 0, Memory forensics 1, Emerging threats 0, Rank = 1
https://www.hybrid-analysis.com/sample/591ae26f945515c17e7c879f21edc926fdb2771158267d5b7a8c887aab283cee,DNS requests 0, Contacted hosts 0, HTTP traffic 0, Memory forensics 0, Emerging threats 0, Rank = 0
https://www.hybrid-analysis.com/sample/6228a944d0f8f91b98f9d42affca00e7275b06cc2f98889841eac9344e1692bf,DNS requests 0, Contacted hosts 0, HTTP traffic 0, Memory forensics 0, Emerging threats 0, Rank = 0
https://www.hybrid-analysis.com/sample/d6b1c6d9575ec167c986fa3697f75090199e02bf0e258724d973a12acdeef2c6,DNS requests 0, Contacted hosts 0, HTTP traffic 0, Memory forensics 1, Emerging threats 0, Rank = 1
https://www.hybrid-analysis.com/sample/591ae26f945515c17e7c879f21edc926fdb2771158267d5b7a8c887aab283cee,DNS requests 0, Contacted hosts 0, HTTP traffic 0, Memory forensics 0, Emerging threats 0, Rank = 0
https://www.hybrid-analysis.com/sample/f9d5936db1e65278dc88f7df077f87bd5c1bc8c94eba867d8cf29f93420c0aad,DNS requests 0, Contacted hosts 0, HTTP traffic 0, Memory forensics 0, Emerging threats 0, Rank = 0
https://www.hybrid-analysis.com/sample/1dd151e5696da25179d0ec398016c696260dba27888cdcd7ba22ea246c9504a0,DNS requests 2, Contacted hosts 4, HTTP traffic 6, Memory forensics 0, Emerging threats 0, Rank = 12
https://www.hybrid-analysis.com/sample/666091c77ac5941b928c349856e1546a3ecc589e634b16d3a34aa45a75e3f111,DNS requests 1, Contacted hosts 17, HTTP traffic 4, Memory forensics 0, Emerging threats 4, Rank = 26
https://www.hybrid-analysis.com/sample/ff983f078fc3c1bbc520918f665563f135b8581d7f20ac93dd655159b135175b,DNS requests 0, Contacted hosts 0, HTTP traffic 0, Memory forensics 0, Emerging threats 0, Rank = 0
https://www.hybrid-analysis.com/sample/0766ef9da7c3281abd64716f47c01a49bf9ba05cbd6e54e6e056ac922bb7d435,DNS requests 1, Contacted hosts 18, HTTP traffic 64, Memory forensics 0, Emerging threats 20, Rank = 103
https://www.hybrid-analysis.com/sample/492f0c873c13e4f9aae2e911334ff5c1b150f75ee7c10addbba8096221332c25,DNS requests 0, Contacted hosts 0, HTTP traffic 0, Memory forensics 0, Emerging threats 0, Rank = 0
https://www.hybrid-analysis.com/sample/4b8eecfa45e464855c956adba927dd0f2a2ac14db8d03e82c88688f7733e3413,DNS requests 0, Contacted hosts 0, HTTP traffic 0, Memory forensics 0, Emerging threats 0, Rank = 0
https://www.hybrid-analysis.com/sample/03c2408155c2f390da5a827b496e8ada3a06ee4825e324f9d77735ece5b15dd7,DNS requests 0, Contacted hosts 0, HTTP traffic 0, Memory forensics 0, Emerging threats 0, Rank = 0
https://www.hybrid-analysis.com/sample/1fb9cb60b11165df3298dee55b59517e3ed15957b820b19b4ca0d8f9f2e20173,DNS requests 0, Contacted hosts 0, HTTP traffic 0, Memory forensics 0, Emerging threats 0, Rank = 0
https://www.hybrid-analysis.com/sample/06f11f4a555a4891c93f13f82dc06e8bcedda2a71c8a5e6aa5c18da871f41238,DNS requests 0, Contacted hosts 0, HTTP traffic 0, Memory forensics 0, Emerging threats 0, Rank = 0
https://www.hybrid-analysis.com/sample/988a1a6df329c4034a828af781c7705d57040f324f653112f589bb36c63fffd5,DNS requests 1, Contacted hosts 36, HTTP traffic 48, Memory forensics 0, Emerging threats 0, Rank = 85
https://www.hybrid-analysis.com/sample/072ee1fa20093c7ebf88ce1452bd78d2d03e9d61e42e5febac1cc01e49f6b491,DNS requests 2, Contacted hosts 30, HTTP traffic 4, Memory forensics 0, Emerging threats 0, Rank = 36
https://www.hybrid-analysis.com/sample/00f4d1425e2862abf8a010e6ff5206201f79801957c788cf271ba10c237cafbb,DNS requests 0, Contacted hosts 0, HTTP traffic 0, Memory forensics 0, Emerging threats 0, Rank = 0
https://www.hybrid-analysis.com/sample/1b26fcf0da549a47dceefb4e99fd520d63dec3a7cd539d3edcf1d7c1d4a95fd5,DNS requests 0, Contacted hosts 0, HTTP traffic 0, Memory forensics 0, Emerging threats 0, Rank = 0
https://www.hybrid-analysis.com/sample/c751562d884f885b99edf0ef79d24ad66228c3e71982d396c828d22dc4ac0491,DNS requests 0, Contacted hosts 0, HTTP traffic 0, Memory forensics 0, Emerging threats 0, Rank = 0
https://www.hybrid-analysis.com/sample/609d7186c801137586e09343c9ab57c9ec7abff6f86385a09845d9de124d447d,DNS requests 0, Contacted hosts 0, HTTP traffic 0, Memory forensics 0, Emerging threats 0, Rank = 0
https://www.hybrid-analysis.com/sample/b1f3a0534d9f847ba540ae37258f794bb2d8bb779389ac6753f365a78fb5ab9c,DNS requests 0, Contacted hosts 0, HTTP traffic 0, Memory forensics 0, Emerging threats 0, Rank = 0
https://www.hybrid-analysis.com/sample/f132324acf09c0562a1cad1288bfb4021bd991659126d21ecb9499938bf6acb3,DNS requests 0, Contacted hosts 0, HTTP traffic 0, Memory forensics 0, Emerging threats 0, Rank = 0
https://www.hybrid-analysis.com/sample/80c2bbb3a1bd2898099a2812dba1bc121a889bd294ed18e358c9aa20d5ea5770,DNS requests 0, Contacted hosts 0, HTTP traffic 0, Memory forensics 0, Emerging threats 0, Rank = 0
https://www.hybrid-analysis.com/sample/96edea8d08ab10eee86776cfb9e32b4701096d21c39dbffeb49bd638f09d726a,DNS requests 0, Contacted hosts 0, HTTP traffic 0, Memory forensics 0, Emerging threats 0, Rank = 0
https://www.hybrid-analysis.com/sample/db91221273a7c0e4c7f24a3522e34445a634e772c71d649a146e9179a39fd486,DNS requests 2, Contacted hosts 13, HTTP traffic 5, Memory forensics 0, Emerging threats 0, Rank = 20
https://www.hybrid-analysis.com/sample/4ce31888140938c0409b7bd9bd46914232fc2d490181eb8ceb74941056a2b765,DNS requests 0, Contacted hosts 7, HTTP traffic 0, Memory forensics 3, Emerging threats 0, Rank = 10
https://www.hybrid-analysis.com/sample/835dd84eed9acff7056ded87d9672d725b915924323b5981737bd2ed5162efb4,DNS requests 0, Contacted hosts 0, HTTP traffic 0, Memory forensics 0, Emerging threats 0, Rank = 0
https://www.hybrid-analysis.com/sample/97133a135202cf17809f144d06ace1ef5dd5060a73c2359a09f9b66441d11f80,DNS requests 5, Contacted hosts 7, HTTP traffic 2, Memory forensics 0, Emerging threats 0, Rank = 14
https://www.hybrid-analysis.com/sample/5eb37dbce280a96d25b7094a7a488ed20f559993009ad87b83ff3e76c121186e,DNS requests 0, Contacted hosts 0, HTTP traffic 0, Memory forensics 0, Emerging threats 0, Rank = 0
https://www.hybrid-analysis.com/sample/a9b4125c6d00e4149646e2c7c05314723871dc376d2e99487bad47dab24d78b7,DNS requests 2, Contacted hosts 30, HTTP traffic 12, Memory forensics 1, Emerging threats 0, Rank = 45
https://www.hybrid-analysis.com/sample/4ae4ad754983a02129417f009621f825841a2f35be3caf70ec648d3c86ffb142,DNS requests 1, Contacted hosts 11, HTTP traffic 0, Memory forensics 0, Emerging threats 0, Rank = 12
https://www.hybrid-analysis.com/sample/e8328b481567299ee32b40ec9ef468cb4103a0a4eeee68f8693257d591ed6ad2,DNS requests 0, Contacted hosts 0, HTTP traffic 0, Memory forensics 0, Emerging threats 0, Rank = 0
https://www.hybrid-analysis.com/sample/85e6728ac411602bde86d68e3e7c4589ddab37684080a5e6b9c6abe5e6abfd2f,DNS requests 0, Contacted hosts 0, HTTP traffic 0, Memory forensics 0, Emerging threats 0, Rank = 0
https://www.hybrid-analysis.com/sample/8ae34789f840095c423a2c6f28b5700aee93454054ecc77d57d5c5582019a950,DNS requests 0, Contacted hosts 0, HTTP traffic 0, Memory forensics 0, Emerging threats 0, Rank = 0
https://www.hybrid-analysis.com/sample/1521452120de05636d64ea40e9a6401d6746cf0d1b43fd777f5b887f3dad1fc9,DNS requests 0, Contacted hosts 0, HTTP traffic 0, Memory forensics 1, Emerging threats 0, Rank = 1
https://www.hybrid-analysis.com/sample/308d5c330d5f5c6ac581ecc595942ad96cf53ccc6a4de1c74e590213fb1fb313,DNS requests 0, Contacted hosts 0, HTTP traffic 0, Memory forensics 0, Emerging threats 0, Rank = 0
https://www.hybrid-analysis.com/sample/8e13a7e08dbb6c9d95ead3b8775fd819e9761a7acfde821016f9837b5951e41f,DNS requests 0, Contacted hosts 0, HTTP traffic 0, Memory forensics 0, Emerging threats 0, Rank = 0
https://www.hybrid-analysis.com/sample/bdd791b769cc14de8856b0a101bda7002e6f57caa912f607564b9c7f468b1150,DNS requests 0, Contacted hosts 0, HTTP traffic 0, Memory forensics 0, Emerging threats 0, Rank = 0
https://www.hybrid-analysis.com/sample/adca3c08cf75b90e5d70433f13083efbb3b749bb83f03a9e2bdb9b32620eb027,DNS requests 0, Contacted hosts 0, HTTP traffic 0, Memory forensics 0, Emerging threats 0, Rank = 0
https://www.hybrid-analysis.com/sample/a16ddd4d93ce79ee5f88161ca4f82b846ad3fcfef6fd6a671dd7d17aa4b24d5b,DNS requests 0, Contacted hosts 0, HTTP traffic 0, Memory forensics 0, Emerging threats 0, Rank = 0
https://www.hybrid-analysis.com/sample/29c4026a998c5f08dbeee3abed7c137f14524a4e1c1813e5e7796a6ade2e7c87,DNS requests 1, Contacted hosts 19, HTTP traffic 4, Memory forensics 4, Emerging threats 3, Rank = 31
https://www.hybrid-analysis.com/sample/993bbae00c082e7ed3675006429070aef5c079ebf1800cae0fdeaafeb484ef7a,DNS requests 0, Contacted hosts 0, HTTP traffic 0, Memory forensics 0, Emerging threats 0, Rank = 0
https://www.hybrid-analysis.com/sample/23638d38190267070620426d8fe0aa45e30996f3f5358e599e7d20237c73832d,DNS requests 0, Contacted hosts 0, HTTP traffic 0, Memory forensics 0, Emerging threats 0, Rank = 0
https://www.hybrid-analysis.com/sample/faaa7545f81dd57a10278251af4c83563087bd5e760f125e94879b1d3ad2e820,DNS requests 0, Contacted hosts 0, HTTP traffic 0, Memory forensics 0, Emerging threats 0, Rank = 0
https://www.hybrid-analysis.com/sample/dfe24b53b9d4adc439cf4375c6826f670a83d3dd65c218916b2323d65999c5c4,DNS requests 0, Contacted hosts 0, HTTP traffic 0, Memory forensics 0, Emerging threats 0, Rank = 0
https://www.hybrid-analysis.com/sample/c73deff1d501909b8bc7acc55d5f170ffd07a17ce67c427c31c3d462a071ed46,DNS requests 0, Contacted hosts 0, HTTP traffic 0, Memory forensics 0, Emerging threats 0, Rank = 0
https://www.hybrid-analysis.com/sample/dfeb2fa81380c29962c017cdb719bbcaf2aaca68b64001f2e242c75a46aa509f,DNS requests 0, Contacted hosts 0, HTTP traffic 0, Memory forensics 0, Emerging threats 0, Rank = 0
https://www.hybrid-analysis.com/sample/54d5660a092dac7689f2150bfeff130c8a268fe5672be706530b5e07f13ed7d2,DNS requests 0, Contacted hosts 0, HTTP traffic 0, Memory forensics 0, Emerging threats 0, Rank = 0
https://www.hybrid-analysis.com/sample/888d5c44eff324582c840efd8fac28c8f46a8980b1a0d640c0839d341f2363f8,DNS requests 0, Contacted hosts 0, HTTP traffic 0, Memory forensics 1, Emerging threats 0, Rank = 1
https://www.hybrid-analysis.com/sample/7a313840d25adf94c7bf1d17393f5b991ba8baf50b8cacb7ce0420189c177e26,DNS requests 0, Contacted hosts 0, HTTP traffic 0, Memory forensics 4, Emerging threats 0, Rank = 4
https://www.hybrid-analysis.com/sample/d99cf5e296e724089cf7e936d5561d45088ccd58b026b02835ea3727fbbb8c60,DNS requests 0, Contacted hosts 4, HTTP traffic 0, Memory forensics 0, Emerging threats 0, Rank = 4
https://www.hybrid-analysis.com/sample/f61895551c0089665a2f0b2e9f0bc2fc0d2f9cee3ecb923cb02ea6c65d7f93f4,DNS requests 3, Contacted hosts 37, HTTP traffic 16, Memory forensics 1, Emerging threats 0, Rank = 57
https://www.hybrid-analysis.com/sample/a0886205a23fe69a572d3553597456316fd6d740dde08e6fddd1d7635298057a,DNS requests 0, Contacted hosts 0, HTTP traffic 0, Memory forensics 0, Emerging threats 0, Rank = 0
https://www.hybrid-analysis.com/sample/443648632b98953fff31bd8d790bdb81af89d09ebced9dcc7d2d9cec89afbf5a,DNS requests 2, Contacted hosts 499, HTTP traffic 64, Memory forensics 1, Emerging threats 20, Rank = 586
https://www.hybrid-analysis.com/sample/508ff291acc887d1c089b660a3ed17700b9a551b165b34cb60baef78b8fe24b7,DNS requests 0, Contacted hosts 0, HTTP traffic 0, Memory forensics 5, Emerging threats 0, Rank = 5
https://www.hybrid-analysis.com/sample/a59e4f794237ffb53691b81d26b7b54a79e55bcc68623ba62edfa495bdb0fcd5,DNS requests 0, Contacted hosts 0, HTTP traffic 0, Memory forensics 0, Emerging threats 0, Rank = 0
https://www.hybrid-analysis.com/sample/e1d31f8bceee54e4e53ba3e876adc8758c82678cc3e7052b1f56dee6fd4fc099,DNS requests 0, Contacted hosts 0, HTTP traffic 0, Memory forensics 0, Emerging threats 0, Rank = 0
https://www.hybrid-analysis.com/sample/55f173fb7ce33654d379663215de48bd2f13ca4a607cbe4d90962de33a4972e6,DNS requests 0, Contacted hosts 0, HTTP traffic 0, Memory forensics 0, Emerging threats 0, Rank = 0
https://www.hybrid-analysis.com/sample/86dd21b8388f23371d680e2632d0855b442f0fa7e93cd009d6e762715ba2d054,DNS requests 0, Contacted hosts 0, HTTP traffic 0, Memory forensics 0, Emerging threats 0, Rank = 0
https://www.hybrid-analysis.com/sample/b48c4273a962c06f4f5c7c43303d016304ba90ad4aa11a9531abdc61967e59c8,DNS requests 0, Contacted hosts 0, HTTP traffic 0, Memory forensics 1, Emerging threats 0, Rank = 1
https://www.hybrid-analysis.com/sample/2edb43b30d9c9352247a692a795c82a949ae4b7870cda625de901943696b0f03,DNS requests 0, Contacted hosts 6, HTTP traffic 3, Memory forensics 0, Emerging threats 0, Rank = 9
https://www.hybrid-analysis.com/sample/56afac73aac1062dbe467de63a7cdaa64676003b669a4c99befd713ba8604a48,DNS requests 1, Contacted hosts 0, HTTP traffic 1, Memory forensics 0, Emerging threats 0, Rank = 2
https://www.hybrid-analysis.com/sample/e10a81ec7995f56a14346e6b888001ce5d8252cdb76fce5947db09ae201b3597,DNS requests 0, Contacted hosts 0, HTTP traffic 0, Memory forensics 0, Emerging threats 0, Rank = 0
https://www.hybrid-analysis.com/sample/0a557a48ec864aa2b8feb685872973d1f7ef8d0df5b23ba33d7e9fe1432fd083,DNS requests 0, Contacted hosts 0, HTTP traffic 0, Memory forensics 0, Emerging threats 0, Rank = 0
https://www.hybrid-analysis.com/sample/c7247d162cf720c07979946afd01b6b1907db9a4be6916a3a6be268993638fee,DNS requests 1, Contacted hosts 1004, HTTP traffic 0, Memory forensics 8, Emerging threats 0, Rank = 1013
https://www.hybrid-analysis.com/sample/8d5f1730f03e7e7043156da38aae5d609adbf536d63b9deaa5a39ebe9226468f,DNS requests 0, Contacted hosts 0, HTTP traffic 0, Memory forensics 0, Emerging threats 0, Rank = 0
https://www.hybrid-analysis.com/sample/06b16a626de8c2041984d53781a9ce65bc69151d9e8e7a53a762baadecfcc922,DNS requests 2, Contacted hosts 28, HTTP traffic 4, Memory forensics 1, Emerging threats 4, Rank = 39
https://www.hybrid-analysis.com/sample/9c6cbb7913eee93011bf1caf8a1d76f39bf663f674cb20138010ab448717f74d,DNS requests 0, Contacted hosts 0, HTTP traffic 0, Memory forensics 0, Emerging threats 0, Rank = 0
https://www.hybrid-analysis.com/sample/9936d06ed66aaf51c5bbca3414b0f30006a50aaad840c507992faf85c5662149,DNS requests 0, Contacted hosts 0, HTTP traffic 0, Memory forensics 0, Emerging threats 0, Rank = 0
https://www.hybrid-analysis.com/sample/5a681e3de52b6d99d3ed2d106df0d9d70f51c38abc380d7fadd9b89756487375,DNS requests 0, Contacted hosts 0, HTTP traffic 0, Memory forensics 0, Emerging threats 0, Rank = 0
https://www.hybrid-analysis.com/sample/ef3e3a5896654b49ab1911b75b65d397cf70e4a863ceb515bdf07c6136c9b6e1,DNS requests 1, Contacted hosts 3, HTTP traffic 0, Memory forensics 0, Emerging threats 0, Rank = 4
https://www.hybrid-analysis.com/sample/a3bda1ba9eeac56fd851bffcc7a998e8cef5d49c8a6ca77e97a987baae3ec89c,DNS requests 0, Contacted hosts 0, HTTP traffic 0, Memory forensics 0, Emerging threats 0, Rank = 0
https://www.hybrid-analysis.com/sample/7862d5bc189261dafb9db018c57a7a4c14e5a7720dc8efe34ab47ae13ba1c297,DNS requests 1, Contacted hosts 19, HTTP traffic 2, Memory forensics 0, Emerging threats 0, Rank = 22
https://www.hybrid-analysis.com/sample/111165ec816a3d8b332cd5939a69adebd26ebd9abcb24918062fd44f7bf29342,DNS requests 0, Contacted hosts 0, HTTP traffic 0, Memory forensics 0, Emerging threats 0, Rank = 0
https://www.hybrid-analysis.com/sample/804838f334972033392e0771ea8e1d284df8f193cb9dd65d4be650035a63e13b,DNS requests 0, Contacted hosts 0, HTTP traffic 0, Memory forensics 0, Emerging threats 0, Rank = 0
https://www.hybrid-analysis.com/sample/6921d04fe0413ea20f2c88b62b8776926b23141d2632a9f9efa114ee83561784,DNS requests 0, Contacted hosts 0, HTTP traffic 0, Memory forensics 0, Emerging threats 0, Rank = 0
https://www.hybrid-analysis.com/sample/5ea232ac5ebca4584f8689d5a1ed466404272a5c5496f41934537504368b5da2,DNS requests 0, Contacted hosts 0, HTTP traffic 0, Memory forensics 0, Emerging threats 0, Rank = 0
https://www.hybrid-analysis.com/sample/c3f19e609376da8bfde93d6869767808125be790d62c4f1a186271ff6cf3a929,DNS requests 0, Contacted hosts 0, HTTP traffic 0, Memory forensics 11, Emerging threats 0, Rank = 11
https://www.hybrid-analysis.com/sample/8ce8dad33fb37059a1ec6ba531f54791d89069a8e1ad7de4fe096caf1ebf47a7,DNS requests 1, Contacted hosts 39, HTTP traffic 16, Memory forensics 1, Emerging threats 0, Rank = 57
https://www.hybrid-analysis.com/sample/bd80fe344110551c70ffd23502b44d5bacb6bc819b8c0bd572290212022bd126,DNS requests 0, Contacted hosts 0, HTTP traffic 0, Memory forensics 0, Emerging threats 0, Rank = 0
https://www.hybrid-analysis.com/sample/18822460c7d4c6877abed28ebec92dfe5d67f53e555e1e1e9648dcb4b0252e63,DNS requests 1, Contacted hosts 3, HTTP traffic 2, Memory forensics 0, Emerging threats 0, Rank = 6
https://www.hybrid-analysis.com/sample/8d30a7e29093d5a0cb961860ead793879180028c0454e799c11586ab96b1c7c1,DNS requests 0, Contacted hosts 0, HTTP traffic 0, Memory forensics 0, Emerging threats 0, Rank = 0
https://www.hybrid-analysis.com/sample/e9d172b26d4804ccd2b621402cc92ad084b5e0fb45bb22ae970d6933dc0cd916,DNS requests 1, Contacted hosts 19, HTTP traffic 52, Memory forensics 4, Emerging threats 20, Rank = 96
https://www.hybrid-analysis.com/sample/05feb29bad25082dc351921f867287084275915c41fe242c47f21644d7a54558,DNS requests 1, Contacted hosts 3, HTTP traffic 0, Memory forensics 0, Emerging threats 0, Rank = 4
https://www.hybrid-analysis.com/sample/297027988392f6a783c6b771f71d2fb1ff1545ea94129b1fdd2edf3519b99aad,DNS requests 1, Contacted hosts 0, HTTP traffic 3, Memory forensics 0, Emerging threats 3, Rank = 7
https://www.hybrid-analysis.com/sample/e372e921686bc406e044289d7998d83b06a8b1276499cf47f6783f863d2e34b2,DNS requests 7, Contacted hosts 59, HTTP traffic 32, Memory forensics 1, Emerging threats 4, Rank = 103
https://www.hybrid-analysis.com/sample/b6dd4f1aef2499d311c0f15ae4370824b561632fbdb294eda9dbf870d8077cf9,DNS requests 0, Contacted hosts 0, HTTP traffic 0, Memory forensics 0, Emerging threats 0, Rank = 0
https://www.hybrid-analysis.com/sample/636f404892310f7f7cbffd013d5ebd5895b309af2b0bb18814e52c5548e4d4a6,DNS requests 1, Contacted hosts 3, HTTP traffic 0, Memory forensics 0, Emerging threats 0, Rank = 4
https://www.hybrid-analysis.com/sample/1d2d298f4d44ecd97ab244145a395e77c88546e191e681825f330ceef2a8141b,DNS requests 0, Contacted hosts 0, HTTP traffic 0, Memory forensics 0, Emerging threats 0, Rank = 0
https://www.hybrid-analysis.com/sample/ade0ec6fb484c07dce2739028c36a1832a8ebdf7c52ce5847f3cfd9be581f3aa,DNS requests 0, Contacted hosts 0, HTTP traffic 0, Memory forensics 1, Emerging threats 0, Rank = 1
https://www.hybrid-analysis.com/sample/60da3148fc1678fb6adbd9c71ace905c39f7c6cd7d62d7c3535e1e60d3911620,DNS requests 0, Contacted hosts 0, HTTP traffic 0, Memory forensics 0, Emerging threats 0, Rank = 0
https://www.hybrid-analysis.com/sample/59f041da592eb3bbf095696851a38310d2331ec56ca81de396e8400b32966994,DNS requests 0, Contacted hosts 0, HTTP traffic 0, Memory forensics 0, Emerging threats 0, Rank = 0
https://www.hybrid-analysis.com/sample/edb2c2fa13cde3dcf2034707e0084cc075a8e7c429753ba3a82b4ad5525136b3,DNS requests 0, Contacted hosts 0, HTTP traffic 0, Memory forensics 0, Emerging threats 0, Rank = 0
https://www.hybrid-analysis.com/sample/13d7c3e3b9a75d44dc966d5cdbcf3a57fe41d336a0d79b6681bd3771e7717fc3,DNS requests 0, Contacted hosts 0, HTTP traffic 0, Memory forensics 2, Emerging threats 0, Rank = 2
https://www.hybrid-analysis.com/sample/74cfbb1ae2401e605d8cd9bf36646089a87dfb0eaefa67620c7cd1d4065835f4,DNS requests 0, Contacted hosts 18, HTTP traffic 0, Memory forensics 1, Emerging threats 0, Rank = 19
https://www.hybrid-analysis.com/sample/3a52e8143fe37ff07ab70990a0640dfed524e673c858e855dd852d2f4e285115,DNS requests 0, Contacted hosts 0, HTTP traffic 0, Memory forensics 1, Emerging threats 0, Rank = 1
https://www.hybrid-analysis.com/sample/7a57d83ae7fde49cfd57e7d2753570306a09c6082bc82f75c89d23fa650a0011,DNS requests 0, Contacted hosts 0, HTTP traffic 0, Memory forensics 0, Emerging threats 0, Rank = 0
https://www.hybrid-analysis.com/sample/a444ad55129e98246fec10614727feaeaf4d522c4e44a73dbd4a352a56c9f8cd,DNS requests 0, Contacted hosts 0, HTTP traffic 0, Memory forensics 0, Emerging threats 0, Rank = 0
https://www.hybrid-analysis.com/sample/c8b202e5a737b8b5902e852de730dbd170893f146ab9bbc9c06b0d93a7625e85,DNS requests 0, Contacted hosts 7, HTTP traffic 0, Memory forensics 1, Emerging threats 0, Rank = 8
https://www.hybrid-analysis.com/sample/7f5510c89be8140cd168004c0c11ea5910f0ae2e1b8a4c055f5956f137f2e0ad,DNS requests 1, Contacted hosts 8, HTTP traffic 0, Memory forensics 1, Emerging threats 4, Rank = 14
https://www.hybrid-analysis.com/sample/368c10795de10e988381b5de5c7cd8b2d4b9718dcd4e5590adc2556cbe9d13c1,DNS requests 0, Contacted hosts 0, HTTP traffic 0, Memory forensics 1, Emerging threats 0, Rank = 1
https://www.hybrid-analysis.com/sample/ff4ed41034409b9d084c78de7074f53c8eb0f7363945b1f8846f3c652f776963,DNS requests 0, Contacted hosts 0, HTTP traffic 0, Memory forensics 0, Emerging threats 0, Rank = 0
https://www.hybrid-analysis.com/sample/09ca6557bdbcc5ae2ff8b0fdbb6c60e370330a022a44b09f1215d887eb003364,DNS requests 0, Contacted hosts 0, HTTP traffic 0, Memory forensics 0, Emerging threats 0, Rank = 0
https://www.hybrid-analysis.com/sample/701bea2d9ce1fbe8ad5d8355fe861b331dcf25d7862c243bd65676aea204d799,DNS requests 0, Contacted hosts 0, HTTP traffic 0, Memory forensics 5, Emerging threats 0, Rank = 5
https://www.hybrid-analysis.com/sample/5393591887944346cc4d8f6af3199b63b7480354d553fcddb35c34feb9c6b8d7,DNS requests 0, Contacted hosts 0, HTTP traffic 0, Memory forensics 0, Emerging threats 0, Rank = 0
https://www.hybrid-analysis.com/sample/7f3e815e401c5cd0eb5ff6f9f01e27c29d13eb63113c76cc29914c3cc1cf24bb,DNS requests 0, Contacted hosts 0, HTTP traffic 0, Memory forensics 0, Emerging threats 0, Rank = 0
https://www.hybrid-analysis.com/sample/a68b24f169d88b03e93b59217f1ebf2adb822f10e1f10242bb498548853edf04,DNS requests 0, Contacted hosts 0, HTTP traffic 0, Memory forensics 151, Emerging threats 0, Rank = 151
https://www.hybrid-analysis.com/sample/b1db7d9375066f5f5adc7f7332a612b54672112b488035d2486711059e68f1cb,DNS requests 0, Contacted hosts 0, HTTP traffic 0, Memory forensics 0, Emerging threats 0, Rank = 0
https://www.hybrid-analysis.com/sample/a899d43aae1d808f1f1704120ce6a440f7a4d24ca2b642831880bfdd2e671dfe,DNS requests 2, Contacted hosts 28, HTTP traffic 4, Memory forensics 5, Emerging threats 11, Rank = 50
https://www.hybrid-analysis.com/sample/7947e8062f876dace9416224c4b984e525215e2c33bf65cf5e0e73666e67b872,DNS requests 0, Contacted hosts 0, HTTP traffic 0, Memory forensics 0, Emerging threats 0, Rank = 0
https://www.hybrid-analysis.com/sample/d3d950f6a7fb54f535e7cde36d2130e5f96799a11b066b542b2dd55655b539ab,DNS requests 0, Contacted hosts 0, HTTP traffic 0, Memory forensics 1, Emerging threats 0, Rank = 1
https://www.hybrid-analysis.com/sample/455417b25036be142a47fe32a381fcc4472bac5dfb08ae118fcb1363cc1217ce,DNS requests 0, Contacted hosts 0, HTTP traffic 0, Memory forensics 0, Emerging threats 0, Rank = 0
https://www.hybrid-analysis.com/sample/c775aa0bc0e8647f338bb7d9beb85c5c4ec4e60a88be4a626eaf6774b6180bc3,DNS requests 0, Contacted hosts 0, HTTP traffic 0, Memory forensics 0, Emerging threats 0, Rank = 0
https://www.hybrid-analysis.com/sample/13ac04e25205ada6cb942da2551fe9dac0845650943ff76e10fd5951fa5517a9,DNS requests 0, Contacted hosts 0, HTTP traffic 0, Memory forensics 0, Emerging threats 0, Rank = 0
https://www.hybrid-analysis.com/sample/0dbf715df5d272d70c87bb6906a5743a41c6a2034cb76e7adb44dd9bcc3e98fc,DNS requests 0, Contacted hosts 0, HTTP traffic 0, Memory forensics 0, Emerging threats 0, Rank = 0
https://www.hybrid-analysis.com/sample/c3c21f6ed45dcf93b6ce1b7a5fb4ebc74ca56ec02589f7610533b43b3a0fbd42,DNS requests 0, Contacted hosts 0, HTTP traffic 0, Memory forensics 0, Emerging threats 0, Rank = 0
https://www.hybrid-analysis.com/sample/d9754a9a565db46671f0daed03cc962b26b0dc76d77083e093bcf3349d93b66b,DNS requests 0, Contacted hosts 0, HTTP traffic 0, Memory forensics 0, Emerging threats 0, Rank = 0
https://www.hybrid-analysis.com/sample/155acb38a18a0347a988ed325b974bc462b71aa3c224da8f21d4b13df1541160,DNS requests 0, Contacted hosts 0, HTTP traffic 0, Memory forensics 0, Emerging threats 0, Rank = 0
https://www.hybrid-analysis.com/sample/6856db6fc14cc2b61a857cd45df6ab58f17612b71a23d337b87af68a1963b70c,DNS requests 1, Contacted hosts 1, HTTP traffic 0, Memory forensics 0, Emerging threats 2, Rank = 4
https://www.hybrid-analysis.com/sample/0d59ba12140b47cc8e2da627ede4d2fbf37a0fc64a4b7a51980552544e16baa0,DNS requests 0, Contacted hosts 0, HTTP traffic 0, Memory forensics 0, Emerging threats 0, Rank = 0
https://www.hybrid-analysis.com/sample/a5790f10f4dd0940a682d922af87da59848dc9296cb1f92b98538a508e5c992c,DNS requests 0, Contacted hosts 0, HTTP traffic 0, Memory forensics 1, Emerging threats 0, Rank = 1
https://www.hybrid-analysis.com/sample/646b20e11da861381373e8c7f023435896f3932586e16b79673721a49304304d,DNS requests 3, Contacted hosts 56, HTTP traffic 56, Memory forensics 0, Emerging threats 2, Rank = 117
https://www.hybrid-analysis.com/sample/7f79a3aec54b8d4dd25a753bf6f2ad08a187f82058854ca3c51e3ef456e67a30,DNS requests 0, Contacted hosts 0, HTTP traffic 0, Memory forensics 0, Emerging threats 0, Rank = 0
https://www.hybrid-analysis.com/sample/a87f1cbd8ec5e3d2f9658f6fc68ad1d0969725ac5fdccac2494c61bd3958a6f0,DNS requests 2, Contacted hosts 13, HTTP traffic 8, Memory forensics 0, Emerging threats 0, Rank = 23
https://www.hybrid-analysis.com/sample/24f92ec86a0cb531ee72ba7c4d3c6e626767ff324377c044b500db2d62efe62f,DNS requests 0, Contacted hosts 0, HTTP traffic 0, Memory forensics 1, Emerging threats 0, Rank = 1
https://www.hybrid-analysis.com/sample/a7cab32e469bb3ea856043779341671a92d08128128fbcf3054fdee8fb80493f,DNS requests 0, Contacted hosts 0, HTTP traffic 0, Memory forensics 1, Emerging threats 0, Rank = 1
https://www.hybrid-analysis.com/sample/74d536a856b9e9eb0da67c17f0cc85d38443b0a24c40a90a0fbe29c064ec36e2,DNS requests 0, Contacted hosts 0, HTTP traffic 0, Memory forensics 0, Emerging threats 0, Rank = 0
https://www.hybrid-analysis.com/sample/e9a106e15a6251aa10d91e747960d914ca131a576efaba3e4ff18896fad0e0af,DNS requests 0, Contacted hosts 0, HTTP traffic 0, Memory forensics 6, Emerging threats 0, Rank = 6
https://www.hybrid-analysis.com/sample/d0feea61a28c027320606dcfb52b519fa76eeb60539d74e6f7a4e4770e4e8a28,DNS requests 0, Contacted hosts 65, HTTP traffic 8, Memory forensics 0, Emerging threats 4, Rank = 77
https://www.hybrid-analysis.com/sample/55226f49707a145a56fb53e49aedefb7a47cde0e207105de6e2f9d2ce6d88bfe,DNS requests 0, Contacted hosts 7, HTTP traffic 0, Memory forensics 0, Emerging threats 0, Rank = 7
https://www.hybrid-analysis.com/sample/589d29e51bd59ca4ac1c270231aeab3af32871f1fcbe55946ffab29eb9a5bea3,DNS requests 0, Contacted hosts 0, HTTP traffic 0, Memory forensics 0, Emerging threats 0, Rank = 0
https://www.hybrid-analysis.com/sample/a702e2cbc4d3cd207962a6b00a4fba22ae97cfe5806fecfb595ef83e759ab4fe,DNS requests 0, Contacted hosts 0, HTTP traffic 0, Memory forensics 0, Emerging threats 0, Rank = 0
https://www.hybrid-analysis.com/sample/4af509512f3c076971842bd7e8a9dbd3be7dbac5b404ea99c876b1baf94b814f,DNS requests 0, Contacted hosts 0, HTTP traffic 0, Memory forensics 0, Emerging threats 0, Rank = 0
https://www.hybrid-analysis.com/sample/c619979a7de088a71accb2e6f3c38c7b85ffd634de93d80ba960b9063dd28aeb,DNS requests 1, Contacted hosts 19, HTTP traffic 8, Memory forensics 0, Emerging threats 8, Rank = 36
https://www.hybrid-analysis.com/sample/c4b4b3548f13efa56c3fb4a2d0331597db719a6932891c088f49e6db44c99679,DNS requests 0, Contacted hosts 0, HTTP traffic 0, Memory forensics 0, Emerging threats 0, Rank = 0
https://www.hybrid-analysis.com/sample/747cd917ca4e00e393b11b494b987c5ddbe6db1385a54eff90800e599e501984,DNS requests 0, Contacted hosts 0, HTTP traffic 0, Memory forensics 0, Emerging threats 0, Rank = 0
https://www.hybrid-analysis.com/sample/18286fb1ebadc4ffdd8434f8f897ef34bd737fed9f410aa7cea7a99f728b4a81,DNS requests 0, Contacted hosts 0, HTTP traffic 0, Memory forensics 0, Emerging threats 0, Rank = 0
https://www.hybrid-analysis.com/sample/2f85e23b5f5c046d4a78c1f282eef853b78654801694ea6e456fa8f46faedc80,DNS requests 0, Contacted hosts 0, HTTP traffic 0, Memory forensics 4, Emerging threats 0, Rank = 4
https://www.hybrid-analysis.com/sample/0539aeb0b8aef04ca318296ede4fed571afe833a1db0434d706556adc3f4a4e2,DNS requests 0, Contacted hosts 0, HTTP traffic 0, Memory forensics 0, Emerging threats 0, Rank = 0
https://www.hybrid-analysis.com/sample/2b578459aaa95d02e73a6dd68f978eba7d4e43fa1f2d02fdf9f0b82f18d44cd8,DNS requests 1, Contacted hosts 7, HTTP traffic 0, Memory forensics 1, Emerging threats 0, Rank = 9
https://www.hybrid-analysis.com/sample/cf172e023325266aed1a4e03cc5baf815252c8779598431230449a2f30c38001,DNS requests 2, Contacted hosts 3, HTTP traffic 0, Memory forensics 0, Emerging threats 0, Rank = 5
https://www.hybrid-analysis.com/sample/733ca068ec556527fa6dd1bc2640437f2bce1ed273bdeca418c58263946278cd,DNS requests 0, Contacted hosts 0, HTTP traffic 0, Memory forensics 0, Emerging threats 0, Rank = 0
https://www.hybrid-analysis.com/sample/3d3d124542ec75e1ad1891a661d3f479ca9891e544c8045c6dc8a421845184ad,DNS requests 0, Contacted hosts 0, HTTP traffic 0, Memory forensics 0, Emerging threats 0, Rank = 0
https://www.hybrid-analysis.com/sample/2c0522a184120334306c3b7a2eee2976cf441999779c361eaf15115dc75154d9,DNS requests 1, Contacted hosts 9, HTTP traffic 0, Memory forensics 7, Emerging threats 0, Rank = 17
https://www.hybrid-analysis.com/sample/7870eda43ae316bfbce45fe9ad99a484d3d93b300443990fafe9c03a5495381d,DNS requests 0, Contacted hosts 0, HTTP traffic 0, Memory forensics 0, Emerging threats 0, Rank = 0
https://www.hybrid-analysis.com/sample/21c1fdd6cfd8ec3ffe3e922f944424b543643dbdab99fa731556f8805b0d5561,DNS requests 0, Contacted hosts 0, HTTP traffic 0, Memory forensics 0, Emerging threats 0, Rank = 0
https://www.hybrid-analysis.com/sample/79d503165d32176842fe386d96c04fb70f6ce1c8a485837957849297e625ea48,DNS requests 0, Contacted hosts 0, HTTP traffic 0, Memory forensics 0, Emerging threats 0, Rank = 0
https://www.hybrid-analysis.com/sample/79d503165d32176842fe386d96c04fb70f6ce1c8a485837957849297e625ea48,DNS requests 0, Contacted hosts 0, HTTP traffic 0, Memory forensics 0, Emerging threats 0, Rank = 0
https://www.hybrid-analysis.com/sample/5928d6746fb22b40c6004cc39695be7e160d41508820a52854b79e906364004e,DNS requests 21, Contacted hosts 1, HTTP traffic 0, Memory forensics 0, Emerging threats 0, Rank = 22
https://www.hybrid-analysis.com/sample/9d3fac012d1f7a6cf3c7c381e6ef4b2c73d4d8d5a3f6a597d2b2837e115c90a0,DNS requests 0, Contacted hosts 1, HTTP traffic 0, Memory forensics 0, Emerging threats 0, Rank = 1
https://www.hybrid-analysis.com/sample/1f74edd4283a0245efebd73714d710b228e6971573038c33c1a1c35d9a86ff38,DNS requests 0, Contacted hosts 0, HTTP traffic 0, Memory forensics 1, Emerging threats 0, Rank = 1
https://www.hybrid-analysis.com/sample/e2dee10881ceafddf3fc8fbe16c4fc1b14898c52e34b985cd7b0ef7b531e38df,DNS requests 1, Contacted hosts 0, HTTP traffic 0, Memory forensics 1, Emerging threats 1, Rank = 3
https://www.hybrid-analysis.com/sample/400008a810a435eac2f7153e6efae7f7c66813695e09a23bbd33e8332bc8d288,DNS requests 0, Contacted hosts 0, HTTP traffic 0, Memory forensics 0, Emerging threats 0, Rank = 0
https://www.hybrid-analysis.com/sample/5ed4b682efcc4d63e5fc8a5f666f64e206e710dd408455d6061ddf3d8c95aed4,DNS requests 3, Contacted hosts 0, HTTP traffic 0, Memory forensics 2, Emerging threats 0, Rank = 5
https://www.hybrid-analysis.com/sample/0dd1ad1f2ebcf558312f98714b8253c0b20bec24dbc120ff9b64ab683810104b,DNS requests 0, Contacted hosts 0, HTTP traffic 0, Memory forensics 0, Emerging threats 0, Rank = 0
https://www.hybrid-analysis.com/sample/d2c8ec1e20dce80ee2144540b910c5adefcd2357a13960c73501f0213f771c32,DNS requests 0, Contacted hosts 0, HTTP traffic 0, Memory forensics 0, Emerging threats 0, Rank = 0
https://www.hybrid-analysis.com/sample/e363962c79702f63b7300f937d6179776603c830174a4f2e4418b22ea62403f0,DNS requests 0, Contacted hosts 0, HTTP traffic 0, Memory forensics 0, Emerging threats 0, Rank = 0
https://www.hybrid-analysis.com/sample/565b2c7ae99d74e4376debcab207c2d2460fa703db7d3f441bcad61ac6fd2fc0,DNS requests 0, Contacted hosts 0, HTTP traffic 0, Memory forensics 0, Emerging threats 0, Rank = 0
https://www.hybrid-analysis.com/sample/5f696cb7da06757f6e3b2f17e6d17b9d1b789c63f350796aa0cb8b459e0e3c14,DNS requests 1, Contacted hosts 38, HTTP traffic 1064, Memory forensics 0, Emerging threats 0, Rank = 1103
